ParticipantName	GazeEventDuration	AOI[HUD]Hit	
Försöksperson1	749	0	
Försöksperson1	749	0	
Försöksperson1	749	0	
Försöksperson1	749	0	
Försöksperson1	749	0	
Försöksperson1	749	0	
Försöksperson1	749	0	
Försöksperson1	749	0	
Försöksperson1	749	0	
Försöksperson1	749	0	
Försöksperson1	749	0	
Försöksperson1	749	0	
Försöksperson1	749	0	
Försöksperson1	749	0	
Försöksperson1	749	0	
Försöksperson1	749	0	
Försöksperson1	749	0	
Försöksperson1	749	0	
Försöksperson1	749	0	
Försöksperson1	749	0	
Försöksperson1	749	0	
Försöksperson1	749	0	
Försöksperson1	749	0	
Försöksperson1	749	0	
Försöksperson1	749	0	
Försöksperson1	749	0	
Försöksperson1	749	0	
Försöksperson1	749	0	
Försöksperson1	749	0	
Försöksperson1	749	0	
Försöksperson1	749	0	
Försöksperson1	50	0	
Försöksperson1	50	0	
Försöksperson1	50	0	
Försöksperson1	100	0	
Försöksperson1	100	0	
Försöksperson1	100	0	
Försöksperson1	100	0	
Försöksperson1	100	0	
Försöksperson1	100	0	
Försöksperson1	17	0	
Försöksperson1	17	0	
Försöksperson1	17	0	
Försöksperson1	333	0	
Försöksperson1	333	0	
Försöksperson1	333	0	
Försöksperson1	333	0	
Försöksperson1	333	0	
Försöksperson1	333	0	
Försöksperson1	333	0	
Försöksperson1	333	0	
Försöksperson1	333	0	
Försöksperson1	333	0	
Försöksperson1	333	0	
Försöksperson1	333	0	
Försöksperson1	333	0	
Försöksperson1	333	0	
Försöksperson1	333	0	
Försöksperson1	333	0	
Försöksperson1	333	0	
Försöksperson1	333	0	
Försöksperson1	333	0	
Försöksperson1	333	0	
Försöksperson1	33	0	
Försöksperson1	33	0	
Försöksperson1	167	0	
Försöksperson1	167	0	
Försöksperson1	167	0	
Försöksperson1	167	0	
Försöksperson1	167	0	
Försöksperson1	167	0	
Försöksperson1	167	0	
Försöksperson1	167	0	
Försöksperson1	167	0	
Försöksperson1	167	0	
Försöksperson1	17	0	
Försöksperson1	400	0	
Försöksperson1	400	0	
Försöksperson1	400	0	
Försöksperson1	400	0	
Försöksperson1	400	0	
Försöksperson1	400	0	
Försöksperson1	400	0	
Försöksperson1	400	0	
Försöksperson1	400	0	
Försöksperson1	400	0	
Försöksperson1	400	0	
Försöksperson1	400	0	
Försöksperson1	400	0	
Försöksperson1	400	0	
Försöksperson1	400	0	
Försöksperson1	400	0	
Försöksperson1	400	0	
Försöksperson1	400	0	
Försöksperson1	400	0	
Försöksperson1	400	0	
Försöksperson1	400	0	
Försöksperson1	400	0	
Försöksperson1	400	0	
Försöksperson1	400	0	
Försöksperson1	17	0	
Försöksperson1	17	0	
Försöksperson1	100	0	
Försöksperson1	100	0	
Försöksperson1	100	0	
Försöksperson1	100	0	
Försöksperson1	100	0	
Försöksperson1	100	0	
Försöksperson1	17	0	
Försöksperson1	50	0	
Försöksperson1	50	0	
Försöksperson1	50	0	
Försöksperson1	433	0	
Försöksperson1	433	0	
Försöksperson1	433	0	
Försöksperson1	433	0	
Försöksperson1	433	0	
Försöksperson1	433	0	
Försöksperson1	433	0	
Försöksperson1	433	0	
Försöksperson1	433	0	
Försöksperson1	433	0	
Försöksperson1	433	0	
Försöksperson1	433	0	
Försöksperson1	433	0	
Försöksperson1	433	0	
Försöksperson1	433	0	
Försöksperson1	433	0	
Försöksperson1	433	0	
Försöksperson1	433	0	
Försöksperson1	433	0	
Försöksperson1	433	0	
Försöksperson1	433	0	
Försöksperson1	433	0	
Försöksperson1	433	0	
Försöksperson1	433	0	
Försöksperson1	433	0	
Försöksperson1	433	0	
Försöksperson1	17	0	
Försöksperson1	483	0	
Försöksperson1	483	0	
Försöksperson1	483	0	
Försöksperson1	483	0	
Försöksperson1	483	0	
Försöksperson1	483	0	
Försöksperson1	483	0	
Försöksperson1	483	0	
Försöksperson1	483	0	
Försöksperson1	483	0	
Försöksperson1	483	0	
Försöksperson1	483	0	
Försöksperson1	483	0	
Försöksperson1	483	0	
Försöksperson1	483	0	
Försöksperson1	483	0	
Försöksperson1	483	0	
Försöksperson1	483	0	
Försöksperson1	483	0	
Försöksperson1	483	0	
Försöksperson1	483	0	
Försöksperson1	483	0	
Försöksperson1	483	0	
Försöksperson1	483	0	
Försöksperson1	483	0	
Försöksperson1	483	0	
Försöksperson1	483	0	
Försöksperson1	483	0	
Försöksperson1	483	0	
Försöksperson1	17	0	
Försöksperson1	350	0	
Försöksperson1	350	0	
Försöksperson1	350	0	
Försöksperson1	350	0	
Försöksperson1	350	0	
Försöksperson1	350	0	
Försöksperson1	350	0	
Försöksperson1	350	0	
Försöksperson1	350	0	
Försöksperson1	350	0	
Försöksperson1	350	0	
Försöksperson1	350	0	
Försöksperson1	350	0	
Försöksperson1	350	0	
Försöksperson1	350	0	
Försöksperson1	350	0	
Försöksperson1	350	0	
Försöksperson1	350	0	
Försöksperson1	350	0	
Försöksperson1	350	0	
Försöksperson1	350	0	
Försöksperson1	17	0	
Försöksperson1	83	0	
Försöksperson1	83	0	
Försöksperson1	83	0	
Försöksperson1	83	0	
Försöksperson1	83	0	
Försöksperson1	17	0	
Försöksperson1	749	0	
Försöksperson1	749	0	
Försöksperson1	749	0	
Försöksperson1	749	0	
Försöksperson1	749	0	
Försöksperson1	749	0	
Försöksperson1	749	0	
Försöksperson1	749	0	
Försöksperson1	749	0	
Försöksperson1	749	0	
Försöksperson1	749	0	
Försöksperson1	749	0	
Försöksperson1	749	0	
Försöksperson1	749	0	
Försöksperson1	749	0	
Försöksperson1	749	0	
Försöksperson1	749	0	
Försöksperson1	749	0	
Försöksperson1	749	0	
Försöksperson1	749	0	
Försöksperson1	749	0	
Försöksperson1	749	0	
Försöksperson1	749	0	
Försöksperson1	749	0	
Försöksperson1	749	0	
Försöksperson1	749	0	
Försöksperson1	749	0	
Försöksperson1	749	0	
Försöksperson1	749	0	
Försöksperson1	749	0	
Försöksperson1	749	0	
Försöksperson1	749	0	
Försöksperson1	749	0	
Försöksperson1	749	0	
Försöksperson1	749	0	
Försöksperson1	749	0	
Försöksperson1	749	0	
Försöksperson1	749	0	
Försöksperson1	749	0	
Försöksperson1	749	0	
Försöksperson1	749	0	
Försöksperson1	749	0	
Försöksperson1	749	0	
Försöksperson1	749	0	
Försöksperson1	749	0	
Försöksperson1	133	0	
Försöksperson1	133	0	
Försöksperson1	133	0	
Försöksperson1	133	0	
Försöksperson1	133	0	
Försöksperson1	133	0	
Försöksperson1	133	0	
Försöksperson1	133	0	
Försöksperson1	17	0	
Försöksperson1	50	0	
Försöksperson1	50	0	
Försöksperson1	50	0	
Försöksperson1	316	0	
Försöksperson1	316	0	
Försöksperson1	316	0	
Försöksperson1	316	0	
Försöksperson1	316	0	
Försöksperson1	316	0	
Försöksperson1	316	0	
Försöksperson1	316	0	
Försöksperson1	316	0	
Försöksperson1	316	0	
Försöksperson1	316	0	
Försöksperson1	316	0	
Försöksperson1	316	0	
Försöksperson1	316	0	
Försöksperson1	316	0	
Försöksperson1	316	0	
Försöksperson1	316	0	
Försöksperson1	316	0	
Försöksperson1	316	0	
Försöksperson1	17	0	
Försöksperson1	133	0	
Försöksperson1	133	0	
Försöksperson1	133	0	
Försöksperson1	133	0	
Försöksperson1	133	0	
Försöksperson1	133	0	
Försöksperson1	133	0	
Försöksperson1	133	0	
Försöksperson1	17	0	
Försöksperson1	266	0	
Försöksperson1	266	0	
Försöksperson1	266	0	
Försöksperson1	266	0	
Försöksperson1	266	0	
Försöksperson1	266	0	
Försöksperson1	266	0	
Försöksperson1	266	0	
Försöksperson1	266	0	
Försöksperson1	266	0	
Försöksperson1	266	0	
Försöksperson1	266	0	
Försöksperson1	266	0	
Försöksperson1	266	0	
Försöksperson1	266	0	
Försöksperson1	266	0	
Försöksperson1	17	0	
Försöksperson1	83	0	
Försöksperson1	83	0	
Försöksperson1	83	0	
Försöksperson1	83	0	
Försöksperson1	83	0	
Försöksperson1	17	0	
Försöksperson1	1499	0	
Försöksperson1	1499	0	
Försöksperson1	1499	0	
Försöksperson1	1499	0	
Försöksperson1	1499	0	
Försöksperson1	1499	0	
Försöksperson1	1499	0	
Försöksperson1	1499	0	
Försöksperson1	1499	0	
Försöksperson1	1499	0	
Försöksperson1	1499	0	
Försöksperson1	1499	0	
Försöksperson1	1499	0	
Försöksperson1	1499	0	
Försöksperson1	1499	0	
Försöksperson1	1499	0	
Försöksperson1	1499	0	
Försöksperson1	1499	0	
Försöksperson1	1499	0	
Försöksperson1	1499	0	
Försöksperson1	1499	0	
Försöksperson1	1499	0	
Försöksperson1	1499	0	
Försöksperson1	1499	0	
Försöksperson1	1499	0	
Försöksperson1	1499	0	
Försöksperson1	1499	0	
Försöksperson1	1499	0	
Försöksperson1	1499	0	
Försöksperson1	1499	0	
Försöksperson1	1499	0	
Försöksperson1	1499	0	
Försöksperson1	1499	0	
Försöksperson1	1499	0	
Försöksperson1	1499	0	
Försöksperson1	1499	0	
Försöksperson1	1499	0	
Försöksperson1	1499	0	
Försöksperson1	1499	0	
Försöksperson1	1499	0	
Försöksperson1	1499	0	
Försöksperson1	1499	0	
Försöksperson1	1499	0	
Försöksperson1	1499	0	
Försöksperson1	1499	0	
Försöksperson1	1499	0	
Försöksperson1	1499	0	
Försöksperson1	1499	0	
Försöksperson1	1499	0	
Försöksperson1	1499	0	
Försöksperson1	1499	0	
Försöksperson1	1499	0	
Försöksperson1	1499	0	
Försöksperson1	1499	0	
Försöksperson1	1499	0	
Försöksperson1	1499	0	
Försöksperson1	1499	0	
Försöksperson1	1499	0	
Försöksperson1	1499	0	
Försöksperson1	1499	0	
Försöksperson1	1499	0	
Försöksperson1	1499	0	
Försöksperson1	1499	0	
Försöksperson1	1499	0	
Försöksperson1	1499	0	
Försöksperson1	1499	0	
Försöksperson1	1499	0	
Försöksperson1	1499	0	
Försöksperson1	1499	0	
Försöksperson1	1499	0	
Försöksperson1	1499	0	
Försöksperson1	1499	0	
Försöksperson1	1499	0	
Försöksperson1	1499	0	
Försöksperson1	1499	0	
Försöksperson1	1499	0	
Försöksperson1	1499	0	
Försöksperson1	1499	0	
Försöksperson1	1499	0	
Försöksperson1	1499	0	
Försöksperson1	1499	0	
Försöksperson1	1499	0	
Försöksperson1	1499	0	
Försöksperson1	1499	0	
Försöksperson1	1499	0	
Försöksperson1	1499	0	
Försöksperson1	1499	0	
Försöksperson1	1499	0	
Försöksperson1	1499	0	
Försöksperson1	1499	0	
Försöksperson1	17	0	
Försöksperson1	150	0	
Försöksperson1	150	0	
Försöksperson1	150	0	
Försöksperson1	150	0	
Försöksperson1	150	0	
Försöksperson1	150	0	
Försöksperson1	150	0	
Försöksperson1	150	0	
Försöksperson1	150	0	
Försöksperson1	17	0	
Försöksperson1	316	0	
Försöksperson1	316	0	
Försöksperson1	316	0	
Försöksperson1	316	0	
Försöksperson1	316	0	
Försöksperson1	316	0	
Försöksperson1	316	0	
Försöksperson1	316	0	
Försöksperson1	316	0	
Försöksperson1	316	0	
Försöksperson1	316	0	
Försöksperson1	316	0	
Försöksperson1	316	0	
Försöksperson1	316	0	
Försöksperson1	316	0	
Försöksperson1	316	0	
Försöksperson1	316	0	
Försöksperson1	316	0	
Försöksperson1	316	0	
Försöksperson1	17	0	
Försöksperson1	200	0	
Försöksperson1	200	0	
Försöksperson1	200	0	
Försöksperson1	200	0	
Försöksperson1	200	0	
Försöksperson1	200	0	
Försöksperson1	200	0	
Försöksperson1	200	0	
Försöksperson1	200	0	
Försöksperson1	200	0	
Försöksperson1	200	0	
Försöksperson1	200	0	
Försöksperson1	17	0	
Försöksperson1	167	0	
Försöksperson1	167	0	
Försöksperson1	167	0	
Försöksperson1	167	0	
Försöksperson1	167	0	
Försöksperson1	167	0	
Försöksperson1	167	0	
Försöksperson1	167	0	
Försöksperson1	167	0	
Försöksperson1	167	0	
Försöksperson1	50	0	
Försöksperson1	50	0	
Försöksperson1	50	0	
Försöksperson1	133	0	
Försöksperson1	133	0	
Försöksperson1	133	0	
Försöksperson1	133	0	
Försöksperson1	133	0	
Försöksperson1	133	0	
Försöksperson1	133	0	
Försöksperson1	133	0	
Försöksperson1	483	0	
Försöksperson1	483	0	
Försöksperson1	483	0	
Försöksperson1	483	0	
Försöksperson1	483	0	
Försöksperson1	483	0	
Försöksperson1	483	0	
Försöksperson1	483	0	
Försöksperson1	483	0	
Försöksperson1	483	0	
Försöksperson1	483	0	
Försöksperson1	483	0	
Försöksperson1	483	0	
Försöksperson1	483	0	
Försöksperson1	483	0	
Försöksperson1	483	0	
Försöksperson1	483	0	
Försöksperson1	483	0	
Försöksperson1	483	0	
Försöksperson1	483	0	
Försöksperson1	483	0	
Försöksperson1	483	0	
Försöksperson1	483	0	
Försöksperson1	483	0	
Försöksperson1	483	0	
Försöksperson1	483	0	
Försöksperson1	483	0	
Försöksperson1	483	0	
Försöksperson1	483	0	
Försöksperson1	17	0	
Försöksperson1	33	0	
Försöksperson1	33	0	
Försöksperson1	83	0	
Försöksperson1	83	0	
Försöksperson1	83	0	
Försöksperson1	83	0	
Försöksperson1	83	0	
Försöksperson1	17	0	
Försöksperson1	67	0	
Försöksperson1	67	0	
Försöksperson1	67	0	
Försöksperson1	67	0	
Försöksperson1	117	0	
Försöksperson1	117	0	
Försöksperson1	117	0	
Försöksperson1	117	0	
Försöksperson1	117	0	
Försöksperson1	117	0	
Försöksperson1	117	0	
Försöksperson1	17	0	
Försöksperson1	316	0	
Försöksperson1	316	0	
Försöksperson1	316	0	
Försöksperson1	316	0	
Försöksperson1	316	0	
Försöksperson1	316	0	
Försöksperson1	316	0	
Försöksperson1	316	0	
Försöksperson1	316	0	
Försöksperson1	316	0	
Försöksperson1	316	0	
Försöksperson1	316	0	
Försöksperson1	316	0	
Försöksperson1	316	0	
Försöksperson1	316	0	
Försöksperson1	316	0	
Försöksperson1	316	0	
Försöksperson1	316	0	
Försöksperson1	316	0	
Försöksperson1	17	0	
Försöksperson1	366	0	
Försöksperson1	366	0	
Försöksperson1	366	0	
Försöksperson1	366	0	
Försöksperson1	366	0	
Försöksperson1	366	0	
Försöksperson1	366	0	
Försöksperson1	366	0	
Försöksperson1	366	0	
Försöksperson1	366	0	
Försöksperson1	366	0	
Försöksperson1	366	0	
Försöksperson1	366	0	
Försöksperson1	366	0	
Försöksperson1	366	0	
Försöksperson1	366	0	
Försöksperson1	366	0	
Försöksperson1	366	0	
Försöksperson1	366	0	
Försöksperson1	366	0	
Försöksperson1	366	0	
Försöksperson1	366	0	
Försöksperson1	17	0	
Försöksperson1	17	0	
Försöksperson1	183	0	
Försöksperson1	183	0	
Försöksperson1	183	0	
Försöksperson1	183	0	
Försöksperson1	183	0	
Försöksperson1	183	0	
Försöksperson1	183	0	
Försöksperson1	183	0	
Försöksperson1	183	0	
Försöksperson1	183	0	
Försöksperson1	183	0	
Försöksperson1	17	0	
Försöksperson1	50	0	
Försöksperson1	50	0	
Försöksperson1	50	0	
Försöksperson1	100	0	
Försöksperson1	100	0	
Försöksperson1	100	0	
Försöksperson1	100	0	
Försöksperson1	100	0	
Försöksperson1	100	0	
Försöksperson1	17	0	
Försöksperson1	17	0	
Försöksperson1	50	0	
Försöksperson1	50	0	
Försöksperson1	50	0	
Försöksperson1	500	0	
Försöksperson1	500	0	
Försöksperson1	500	0	
Försöksperson1	500	0	
Försöksperson1	500	0	
Försöksperson1	500	0	
Försöksperson1	500	0	
Försöksperson1	500	0	
Försöksperson1	500	0	
Försöksperson1	500	0	
Försöksperson1	500	0	
Försöksperson1	500	0	
Försöksperson1	500	0	
Försöksperson1	500	0	
Försöksperson1	500	0	
Försöksperson1	500	0	
Försöksperson1	500	0	
Försöksperson1	500	0	
Försöksperson1	500	0	
Försöksperson1	500	0	
Försöksperson1	500	0	
Försöksperson1	500	0	
Försöksperson1	500	0	
Försöksperson1	500	0	
Försöksperson1	500	0	
Försöksperson1	500	0	
Försöksperson1	500	0	
Försöksperson1	500	0	
Försöksperson1	500	0	
Försöksperson1	500	0	
Försöksperson1	17	0	
Försöksperson1	150	0	
Försöksperson1	150	0	
Försöksperson1	150	0	
Försöksperson1	150	0	
Försöksperson1	150	0	
Försöksperson1	150	0	
Försöksperson1	150	0	
Försöksperson1	150	0	
Försöksperson1	150	0	
Försöksperson1	17	0	
Försöksperson1	17	0	
Försöksperson1	250	0	
Försöksperson1	250	0	
Försöksperson1	250	0	
Försöksperson1	250	0	
Försöksperson1	250	0	
Försöksperson1	250	0	
Försöksperson1	250	0	
Försöksperson1	250	0	
Försöksperson1	250	0	
Försöksperson1	250	0	
Försöksperson1	250	0	
Försöksperson1	250	0	
Försöksperson1	250	0	
Försöksperson1	250	0	
Försöksperson1	250	0	
Försöksperson1	17	0	
Försöksperson1	50	0	
Försöksperson1	50	0	
Försöksperson1	50	0	
Försöksperson1	167	0	
Försöksperson1	167	0	
Försöksperson1	167	0	
Försöksperson1	167	0	
Försöksperson1	167	0	
Försöksperson1	167	0	
Försöksperson1	167	0	
Försöksperson1	167	0	
Försöksperson1	167	0	
Försöksperson1	167	0	
Försöksperson1	17	0	
Försöksperson1	100	0	
Försöksperson1	100	0	
Försöksperson1	100	0	
Försöksperson1	100	0	
Försöksperson1	100	0	
Försöksperson1	100	0	
Försöksperson1	17	0	
Försöksperson1	150	0	
Försöksperson1	150	0	
Försöksperson1	150	0	
Försöksperson1	150	0	
Försöksperson1	150	0	
Försöksperson1	150	0	
Försöksperson1	150	0	
Försöksperson1	150	0	
Försöksperson1	150	0	
Försöksperson1	17	0	
Försöksperson1	300	0	
Försöksperson1	300	0	
Försöksperson1	300	0	
Försöksperson1	300	0	
Försöksperson1	300	0	
Försöksperson1	300	0	
Försöksperson1	300	0	
Försöksperson1	300	0	
Försöksperson1	300	0	
Försöksperson1	300	0	
Försöksperson1	300	0	
Försöksperson1	300	0	
Försöksperson1	300	0	
Försöksperson1	300	0	
Försöksperson1	300	0	
Försöksperson1	300	0	
Försöksperson1	300	0	
Försöksperson1	300	0	
Försöksperson1	17	0	
Försöksperson1	67	0	
Försöksperson1	67	0	
Försöksperson1	67	0	
Försöksperson1	67	0	
Försöksperson1	183	0	
Försöksperson1	183	0	
Försöksperson1	183	0	
Försöksperson1	183	0	
Försöksperson1	183	0	
Försöksperson1	183	0	
Försöksperson1	183	0	
Försöksperson1	183	0	
Försöksperson1	183	0	
Försöksperson1	183	0	
Försöksperson1	183	0	
Försöksperson1	17	0	
Försöksperson1	83	0	
Försöksperson1	83	0	
Försöksperson1	83	0	
Försöksperson1	83	0	
Försöksperson1	83	0	
Försöksperson1	17	0	
Försöksperson1	167	0	
Försöksperson1	167	0	
Försöksperson1	167	0	
Försöksperson1	167	0	
Försöksperson1	167	0	
Försöksperson1	167	0	
Försöksperson1	167	0	
Försöksperson1	167	0	
Försöksperson1	167	0	
Försöksperson1	167	0	
Försöksperson1	133	0	
Försöksperson1	133	0	
Försöksperson1	133	0	
Försöksperson1	133	0	
Försöksperson1	133	0	
Försöksperson1	133	0	
Försöksperson1	133	0	
Försöksperson1	133	0	
Försöksperson1	17	0	
Försöksperson1	67	0	
Försöksperson1	67	0	
Försöksperson1	67	0	
Försöksperson1	67	0	
Försöksperson1	67	0	
Försöksperson1	67	0	
Försöksperson1	67	0	
Försöksperson1	67	0	
Försöksperson1	17	0	
Försöksperson1	117	0	
Försöksperson1	117	0	
Försöksperson1	117	0	
Försöksperson1	117	0	
Försöksperson1	117	0	
Försöksperson1	117	0	
Försöksperson1	117	0	
Försöksperson1	17	0	
Försöksperson1	117	0	
Försöksperson1	117	0	
Försöksperson1	117	0	
Försöksperson1	117	0	
Försöksperson1	117	0	
Försöksperson1	117	0	
Försöksperson1	117	0	
Försöksperson1	17	0	
Försöksperson1	133	0	
Försöksperson1	133	0	
Försöksperson1	133	0	
Försöksperson1	133	0	
Försöksperson1	133	0	
Försöksperson1	133	0	
Försöksperson1	133	0	
Försöksperson1	133	0	
Försöksperson1	17	0	
Försöksperson1	33	0	
Försöksperson1	33	0	
Försöksperson1	17	0	
Försöksperson1	50	0	
Försöksperson1	50	0	
Försöksperson1	50	0	
Försöksperson1	899	0	
Försöksperson1	899	0	
Försöksperson1	899	0	
Försöksperson1	899	0	
Försöksperson1	899	0	
Försöksperson1	899	0	
Försöksperson1	899	0	
Försöksperson1	899	0	
Försöksperson1	899	0	
Försöksperson1	899	0	
Försöksperson1	899	0	
Försöksperson1	899	0	
Försöksperson1	899	0	
Försöksperson1	899	0	
Försöksperson1	899	0	
Försöksperson1	899	0	
Försöksperson1	899	0	
Försöksperson1	899	0	
Försöksperson1	899	0	
Försöksperson1	899	0	
Försöksperson1	899	0	
Försöksperson1	899	0	
Försöksperson1	899	0	
Försöksperson1	899	0	
Försöksperson1	899	0	
Försöksperson1	899	0	
Försöksperson1	899	0	
Försöksperson1	899	0	
Försöksperson1	899	0	
Försöksperson1	899	0	
Försöksperson1	899	0	
Försöksperson1	899	0	
Försöksperson1	899	0	
Försöksperson1	899	0	
Försöksperson1	899	0	
Försöksperson1	899	0	
Försöksperson1	899	0	
Försöksperson1	899	0	
Försöksperson1	899	0	
Försöksperson1	899	0	
Försöksperson1	899	0	
Försöksperson1	899	0	
Försöksperson1	899	0	
Försöksperson1	899	0	
Försöksperson1	899	0	
Försöksperson1	899	0	
Försöksperson1	899	0	
Försöksperson1	899	0	
Försöksperson1	899	0	
Försöksperson1	899	0	
Försöksperson1	899	0	
Försöksperson1	899	0	
Försöksperson1	899	0	
Försöksperson1	899	0	
Försöksperson1	17	0	
Försöksperson1	83	0	
Försöksperson1	83	0	
Försöksperson1	83	0	
Försöksperson1	83	0	
Försöksperson1	83	0	
Försöksperson1	33	0	
Försöksperson1	33	0	
Försöksperson1	50	0	
Försöksperson1	50	0	
Försöksperson1	50	0	
Försöksperson1	400	0	
Försöksperson1	400	0	
Försöksperson1	400	0	
Försöksperson1	400	0	
Försöksperson1	400	0	
Försöksperson1	400	0	
Försöksperson1	400	0	
Försöksperson1	400	0	
Försöksperson1	400	0	
Försöksperson1	400	0	
Försöksperson1	400	0	
Försöksperson1	400	0	
Försöksperson1	400	0	
Försöksperson1	400	0	
Försöksperson1	400	0	
Försöksperson1	400	0	
Försöksperson1	400	0	
Försöksperson1	400	0	
Försöksperson1	400	0	
Försöksperson1	400	0	
Försöksperson1	400	0	
Försöksperson1	400	0	
Försöksperson1	400	0	
Försöksperson1	400	0	
Försöksperson1	17	0	
Försöksperson1	83	0	
Försöksperson1	83	0	
Försöksperson1	83	0	
Försöksperson1	83	0	
Försöksperson1	83	0	
Försöksperson1	17	0	
Försöksperson1	383	0	
Försöksperson1	383	0	
Försöksperson1	383	0	
Försöksperson1	383	0	
Försöksperson1	383	0	
Försöksperson1	383	0	
Försöksperson1	383	0	
Försöksperson1	383	0	
Försöksperson1	383	0	
Försöksperson1	383	0	
Försöksperson1	383	0	
Försöksperson1	383	0	
Försöksperson1	383	0	
Försöksperson1	383	0	
Försöksperson1	383	0	
Försöksperson1	383	0	
Försöksperson1	383	0	
Försöksperson1	383	0	
Försöksperson1	383	0	
Försöksperson1	383	0	
Försöksperson1	383	0	
Försöksperson1	383	0	
Försöksperson1	383	0	
Försöksperson1	17	0	
Försöksperson1	67	0	
Försöksperson1	67	0	
Försöksperson1	67	0	
Försöksperson1	67	0	
Försöksperson1	67	0	
Försöksperson1	67	0	
Försöksperson1	67	0	
Försöksperson1	67	0	
Försöksperson1	466	0	
Försöksperson1	466	0	
Försöksperson1	466	0	
Försöksperson1	466	0	
Försöksperson1	466	0	
Försöksperson1	466	0	
Försöksperson1	466	0	
Försöksperson1	466	0	
Försöksperson1	466	0	
Försöksperson1	466	0	
Försöksperson1	466	0	
Försöksperson1	466	0	
Försöksperson1	466	0	
Försöksperson1	466	0	
Försöksperson1	466	0	
Försöksperson1	466	0	
Försöksperson1	466	0	
Försöksperson1	466	0	
Försöksperson1	466	0	
Försöksperson1	466	0	
Försöksperson1	466	0	
Försöksperson1	466	0	
Försöksperson1	466	0	
Försöksperson1	466	0	
Försöksperson1	466	0	
Försöksperson1	466	0	
Försöksperson1	466	0	
Försöksperson1	466	0	
Försöksperson1	17	0	
Försöksperson1	67	0	
Försöksperson1	67	0	
Försöksperson1	67	0	
Försöksperson1	67	0	
Försöksperson1	17	0	
Försöksperson1	33	0	
Försöksperson1	33	0	
Försöksperson1	33	0	
Försöksperson1	33	0	
Försöksperson1	233	0	
Försöksperson1	233	0	
Försöksperson1	233	0	
Försöksperson1	233	0	
Försöksperson1	233	0	
Försöksperson1	233	0	
Försöksperson1	233	0	
Försöksperson1	233	0	
Försöksperson1	233	0	
Försöksperson1	233	0	
Försöksperson1	233	0	
Försöksperson1	233	0	
Försöksperson1	233	0	
Försöksperson1	233	0	
Försöksperson1	17	0	
Försöksperson1	133	0	
Försöksperson1	133	0	
Försöksperson1	133	0	
Försöksperson1	133	0	
Försöksperson1	133	0	
Försöksperson1	133	0	
Försöksperson1	133	0	
Försöksperson1	133	0	
Försöksperson1	17	0	
Försöksperson1	17	0	
Försöksperson1	17	0	
Försöksperson1	67	0	
Försöksperson1	67	0	
Försöksperson1	67	0	
Försöksperson1	67	0	
Försöksperson1	533	0	
Försöksperson1	533	0	
Försöksperson1	533	0	
Försöksperson1	533	0	
Försöksperson1	533	0	
Försöksperson1	533	0	
Försöksperson1	533	0	
Försöksperson1	533	0	
Försöksperson1	533	0	
Försöksperson1	533	0	
Försöksperson1	533	0	
Försöksperson1	533	0	
Försöksperson1	533	0	
Försöksperson1	533	0	
Försöksperson1	533	0	
Försöksperson1	533	0	
Försöksperson1	533	0	
Försöksperson1	533	0	
Försöksperson1	533	0	
Försöksperson1	533	0	
Försöksperson1	533	0	
Försöksperson1	533	0	
Försöksperson1	533	0	
Försöksperson1	533	0	
Försöksperson1	533	0	
Försöksperson1	533	0	
Försöksperson1	533	0	
Försöksperson1	533	0	
Försöksperson1	533	0	
Försöksperson1	533	0	
Försöksperson1	533	0	
Försöksperson1	533	0	
Försöksperson1	17	0	
Försöksperson1	17	0	
Försöksperson1	83	0	
Försöksperson1	83	0	
Försöksperson1	83	0	
Försöksperson1	83	0	
Försöksperson1	83	0	
Försöksperson1	17	0	
Försöksperson1	17	0	
Försöksperson1	17	0	
Försöksperson1	117	0	
Försöksperson1	117	0	
Försöksperson1	117	0	
Försöksperson1	117	0	
Försöksperson1	117	0	
Försöksperson1	117	0	
Försöksperson1	117	0	
Försöksperson1	17	0	
Försöksperson1	83	0	
Försöksperson1	83	0	
Försöksperson1	83	0	
Försöksperson1	83	0	
Försöksperson1	83	0	
Försöksperson1	133	0	
Försöksperson1	133	0	
Försöksperson1	133	0	
Försöksperson1	133	0	
Försöksperson1	133	0	
Försöksperson1	133	0	
Försöksperson1	133	0	
Försöksperson1	133	0	
Försöksperson1	17	0	
Försöksperson1	83	0	
Försöksperson1	83	0	
Försöksperson1	83	0	
Försöksperson1	83	0	
Försöksperson1	83	0	
Försöksperson1	17	0	
Försöksperson1	233	0	
Försöksperson1	233	0	
Försöksperson1	233	0	
Försöksperson1	233	0	
Försöksperson1	233	0	
Försöksperson1	233	0	
Försöksperson1	233	0	
Försöksperson1	233	0	
Försöksperson1	233	0	
Försöksperson1	233	0	
Försöksperson1	233	0	
Försöksperson1	233	0	
Försöksperson1	233	0	
Försöksperson1	233	0	
Försöksperson1	17	0	
Försöksperson1	33	0	
Försöksperson1	33	0	
Försöksperson1	233	0	
Försöksperson1	233	0	
Försöksperson1	233	0	
Försöksperson1	233	0	
Försöksperson1	233	0	
Försöksperson1	233	0	
Försöksperson1	233	0	
Försöksperson1	233	0	
Försöksperson1	233	0	
Försöksperson1	233	0	
Försöksperson1	233	0	
Försöksperson1	233	0	
Försöksperson1	233	0	
Försöksperson1	233	0	
Försöksperson1	17	0	
Försöksperson1	33	0	
Försöksperson1	33	0	
Försöksperson1	7703	0	
Försöksperson1	7703	0	
Försöksperson1	7703	0	
Försöksperson1	7703	0	
Försöksperson1	7703	0	
Försöksperson1	7703	0	
Försöksperson1	7703	0	
Försöksperson1	7703	0	
Försöksperson1	7703	0	
Försöksperson1	7703	0	
Försöksperson1	7703	0	
Försöksperson1	7703	0	
Försöksperson1	7703	0	
Försöksperson1	7703	0	
Försöksperson1	7703	0	
Försöksperson1	7703	0	
Försöksperson1	7703	0	
Försöksperson1	7703	0	
Försöksperson1	7703	0	
Försöksperson1	7703	0	
Försöksperson1	7703	0	
Försöksperson1	7703	0	
Försöksperson1	7703	0	
Försöksperson1	7703	0	
Försöksperson1	7703	0	
Försöksperson1	7703	0	
Försöksperson1	7703	0	
Försöksperson1	7703	0	
Försöksperson1	7703	0	
Försöksperson1	7703	0	
Försöksperson1	7703	0	
Försöksperson1	7703	0	
Försöksperson1	7703	0	
Försöksperson1	7703	0	
Försöksperson1	7703	0	
Försöksperson1	7703	0	
Försöksperson1	7703	0	
Försöksperson1	7703	0	
Försöksperson1	7703	0	
Försöksperson1	7703	0	
Försöksperson1	7703	0	
Försöksperson1	7703	0	
Försöksperson1	7703	0	
Försöksperson1	7703	0	
Försöksperson1	7703	0	
Försöksperson1	7703	0	
Försöksperson1	7703	0	
Försöksperson1	7703	0	
Försöksperson1	7703	0	
Försöksperson1	7703	0	
Försöksperson1	7703	0	
Försöksperson1	7703	0	
Försöksperson1	7703	0	
Försöksperson1	7703	0	
Försöksperson1	7703	0	
Försöksperson1	7703	0	
Försöksperson1	7703	0	
Försöksperson1	7703	0	
Försöksperson1	7703	0	
Försöksperson1	7703	0	
Försöksperson1	7703	0	
Försöksperson1	7703	0	
Försöksperson1	7703	0	
Försöksperson1	7703	0	
Försöksperson1	7703	0	
Försöksperson1	7703	0	
Försöksperson1	7703	0	
Försöksperson1	7703	0	
Försöksperson1	7703	0	
Försöksperson1	7703	0	
Försöksperson1	7703	0	
Försöksperson1	7703	0	
Försöksperson1	7703	0	
Försöksperson1	7703	0	
Försöksperson1	7703	0	
Försöksperson1	7703	0	
Försöksperson1	7703	0	
Försöksperson1	7703	0	
Försöksperson1	7703	0	
Försöksperson1	7703	0	
Försöksperson1	7703	0	
Försöksperson1	7703	0	
Försöksperson1	7703	0	
Försöksperson1	7703	0	
Försöksperson1	7703	0	
Försöksperson1	7703	0	
Försöksperson1	7703	0	
Försöksperson1	7703	0	
Försöksperson1	7703	0	
Försöksperson1	7703	0	
Försöksperson1	7703	0	
Försöksperson1	7703	0	
Försöksperson1	7703	0	
Försöksperson1	7703	0	
Försöksperson1	7703	0	
Försöksperson1	7703	0	
Försöksperson1	7703	0	
Försöksperson1	7703	0	
Försöksperson1	7703	0	
Försöksperson1	7703	0	
Försöksperson1	7703	0	
Försöksperson1	7703	0	
Försöksperson1	7703	0	
Försöksperson1	7703	0	
Försöksperson1	7703	0	
Försöksperson1	7703	0	
Försöksperson1	7703	0	
Försöksperson1	7703	0	
Försöksperson1	7703	0	
Försöksperson1	7703	0	
Försöksperson1	7703	0	
Försöksperson1	7703	0	
Försöksperson1	7703	0	
Försöksperson1	7703	0	
Försöksperson1	7703	0	
Försöksperson1	7703	0	
Försöksperson1	7703	0	
Försöksperson1	7703	0	
Försöksperson1	7703	0	
Försöksperson1	7703	0	
Försöksperson1	7703	0	
Försöksperson1	7703	0	
Försöksperson1	7703	0	
Försöksperson1	7703	0	
Försöksperson1	7703	0	
Försöksperson1	7703	0	
Försöksperson1	7703	0	
Försöksperson1	7703	0	
Försöksperson1	7703	0	
Försöksperson1	7703	0	
Försöksperson1	7703	0	
Försöksperson1	7703	0	
Försöksperson1	7703	0	
Försöksperson1	7703	0	
Försöksperson1	7703	0	
Försöksperson1	7703	0	
Försöksperson1	7703	0	
Försöksperson1	7703	0	
Försöksperson1	7703	0	
Försöksperson1	7703	0	
Försöksperson1	7703	0	
Försöksperson1	7703	0	
Försöksperson1	7703	0	
Försöksperson1	7703	0	
Försöksperson1	7703	0	
Försöksperson1	7703	0	
Försöksperson1	7703	0	
Försöksperson1	7703	0	
Försöksperson1	7703	0	
Försöksperson1	7703	0	
Försöksperson1	7703	0	
Försöksperson1	7703	0	
Försöksperson1	7703	0	
Försöksperson1	7703	0	
Försöksperson1	7703	0	
Försöksperson1	7703	0	
Försöksperson1	7703	0	
Försöksperson1	7703	0	
Försöksperson1	7703	0	
Försöksperson1	7703	0	
Försöksperson1	7703	0	
Försöksperson1	7703	0	
Försöksperson1	7703	0	
Försöksperson1	7703	0	
Försöksperson1	7703	0	
Försöksperson1	7703	0	
Försöksperson1	7703	0	
Försöksperson1	7703	0	
Försöksperson1	7703	0	
Försöksperson1	7703	0	
Försöksperson1	7703	0	
Försöksperson1	7703	0	
Försöksperson1	7703	0	
Försöksperson1	7703	0	
Försöksperson1	7703	0	
Försöksperson1	7703	0	
Försöksperson1	7703	0	
Försöksperson1	7703	0	
Försöksperson1	7703	0	
Försöksperson1	7703	0	
Försöksperson1	7703	0	
Försöksperson1	7703	0	
Försöksperson1	7703	0	
Försöksperson1	7703	0	
Försöksperson1	7703	0	
Försöksperson1	7703	0	
Försöksperson1	7703	0	
Försöksperson1	7703	0	
Försöksperson1	7703	0	
Försöksperson1	7703	0	
Försöksperson1	7703	0	
Försöksperson1	7703	0	
Försöksperson1	7703	0	
Försöksperson1	7703	0	
Försöksperson1	7703	0	
Försöksperson1	7703	0	
Försöksperson1	7703	0	
Försöksperson1	7703	0	
Försöksperson1	7703	0	
Försöksperson1	7703	0	
Försöksperson1	7703	0	
Försöksperson1	7703	0	
Försöksperson1	7703	0	
Försöksperson1	7703	0	
Försöksperson1	7703	0	
Försöksperson1	7703	0	
Försöksperson1	7703	0	
Försöksperson1	7703	0	
Försöksperson1	7703	0	
Försöksperson1	7703	0	
Försöksperson1	7703	0	
Försöksperson1	7703	0	
Försöksperson1	7703	0	
Försöksperson1	7703	0	
Försöksperson1	7703	0	
Försöksperson1	7703	0	
Försöksperson1	7703	0	
Försöksperson1	7703	0	
Försöksperson1	7703	0	
Försöksperson1	7703	0	
Försöksperson1	7703	0	
Försöksperson1	7703	0	
Försöksperson1	7703	0	
Försöksperson1	7703	0	
Försöksperson1	7703	0	
Försöksperson1	7703	0	
Försöksperson1	7703	0	
Försöksperson1	7703	0	
Försöksperson1	7703	0	
Försöksperson1	7703	0	
Försöksperson1	7703	0	
Försöksperson1	7703	0	
Försöksperson1	7703	0	
Försöksperson1	7703	0	
Försöksperson1	7703	0	
Försöksperson1	7703	0	
Försöksperson1	7703	0	
Försöksperson1	7703	0	
Försöksperson1	7703	0	
Försöksperson1	7703	0	
Försöksperson1	7703	0	
Försöksperson1	7703	0	
Försöksperson1	7703	0	
Försöksperson1	7703	0	
Försöksperson1	7703	0	
Försöksperson1	7703	0	
Försöksperson1	7703	0	
Försöksperson1	7703	0	
Försöksperson1	7703	0	
Försöksperson1	7703	0	
Försöksperson1	7703	0	
Försöksperson1	7703	0	
Försöksperson1	7703	0	
Försöksperson1	7703	0	
Försöksperson1	7703	0	
Försöksperson1	7703	0	
Försöksperson1	7703	0	
Försöksperson1	7703	0	
Försöksperson1	7703	0	
Försöksperson1	7703	0	
Försöksperson1	7703	0	
Försöksperson1	7703	0	
Försöksperson1	7703	0	
Försöksperson1	7703	0	
Försöksperson1	7703	0	
Försöksperson1	7703	0	
Försöksperson1	7703	0	
Försöksperson1	7703	0	
Försöksperson1	7703	0	
Försöksperson1	7703	0	
Försöksperson1	7703	0	
Försöksperson1	7703	0	
Försöksperson1	7703	0	
Försöksperson1	7703	0	
Försöksperson1	7703	0	
Försöksperson1	7703	0	
Försöksperson1	7703	0	
Försöksperson1	7703	0	
Försöksperson1	7703	0	
Försöksperson1	7703	0	
Försöksperson1	7703	0	
Försöksperson1	7703	0	
Försöksperson1	7703	0	
Försöksperson1	7703	0	
Försöksperson1	7703	0	
Försöksperson1	7703	0	
Försöksperson1	7703	0	
Försöksperson1	7703	0	
Försöksperson1	7703	0	
Försöksperson1	7703	0	
Försöksperson1	7703	0	
Försöksperson1	7703	0	
Försöksperson1	7703	0	
Försöksperson1	7703	0	
Försöksperson1	7703	0	
Försöksperson1	7703	0	
Försöksperson1	7703	0	
Försöksperson1	7703	0	
Försöksperson1	7703	0	
Försöksperson1	7703	0	
Försöksperson1	7703	0	
Försöksperson1	7703	0	
Försöksperson1	7703	0	
Försöksperson1	7703	0	
Försöksperson1	7703	0	
Försöksperson1	7703	0	
Försöksperson1	7703	0	
Försöksperson1	7703	0	
Försöksperson1	7703	0	
Försöksperson1	7703	0	
Försöksperson1	7703	0	
Försöksperson1	7703	0	
Försöksperson1	7703	0	
Försöksperson1	7703	0	
Försöksperson1	7703	0	
Försöksperson1	7703	0	
Försöksperson1	7703	0	
Försöksperson1	7703	0	
Försöksperson1	7703	0	
Försöksperson1	7703	0	
Försöksperson1	7703	0	
Försöksperson1	7703	0	
Försöksperson1	7703	0	
Försöksperson1	7703	0	
Försöksperson1	7703	0	
Försöksperson1	7703	0	
Försöksperson1	7703	0	
Försöksperson1	7703	0	
Försöksperson1	7703	0	
Försöksperson1	7703	0	
Försöksperson1	7703	0	
Försöksperson1	7703	0	
Försöksperson1	7703	0	
Försöksperson1	7703	0	
Försöksperson1	7703	0	
Försöksperson1	7703	0	
Försöksperson1	7703	0	
Försöksperson1	7703	0	
Försöksperson1	7703	0	
Försöksperson1	7703	0	
Försöksperson1	7703	0	
Försöksperson1	7703	0	
Försöksperson1	7703	0	
Försöksperson1	7703	0	
Försöksperson1	7703	0	
Försöksperson1	7703	0	
Försöksperson1	7703	0	
Försöksperson1	7703	0	
Försöksperson1	7703	0	
Försöksperson1	7703	0	
Försöksperson1	7703	0	
Försöksperson1	7703	0	
Försöksperson1	7703	0	
Försöksperson1	7703	0	
Försöksperson1	7703	0	
Försöksperson1	7703	0	
Försöksperson1	7703	0	
Försöksperson1	7703	0	
Försöksperson1	7703	0	
Försöksperson1	7703	0	
Försöksperson1	7703	0	
Försöksperson1	7703	0	
Försöksperson1	7703	0	
Försöksperson1	7703	0	
Försöksperson1	7703	0	
Försöksperson1	7703	0	
Försöksperson1	7703	0	
Försöksperson1	7703	0	
Försöksperson1	7703	0	
Försöksperson1	7703	0	
Försöksperson1	7703	0	
Försöksperson1	7703	0	
Försöksperson1	7703	0	
Försöksperson1	7703	0	
Försöksperson1	7703	0	
Försöksperson1	7703	0	
Försöksperson1	7703	0	
Försöksperson1	7703	0	
Försöksperson1	7703	0	
Försöksperson1	7703	0	
Försöksperson1	7703	0	
Försöksperson1	7703	0	
Försöksperson1	7703	0	
Försöksperson1	7703	0	
Försöksperson1	7703	0	
Försöksperson1	7703	0	
Försöksperson1	7703	0	
Försöksperson1	7703	0	
Försöksperson1	7703	0	
Försöksperson1	7703	0	
Försöksperson1	7703	0	
Försöksperson1	7703	0	
Försöksperson1	7703	0	
Försöksperson1	7703	0	
Försöksperson1	7703	0	
Försöksperson1	7703	0	
Försöksperson1	7703	0	
Försöksperson1	7703	0	
Försöksperson1	7703	0	
Försöksperson1	7703	0	
Försöksperson1	7703	0	
Försöksperson1	7703	0	
Försöksperson1	7703	0	
Försöksperson1	7703	0	
Försöksperson1	7703	0	
Försöksperson1	7703	0	
Försöksperson1	7703	0	
Försöksperson1	7703	0	
Försöksperson1	7703	0	
Försöksperson1	7703	0	
Försöksperson1	7703	0	
Försöksperson1	7703	0	
Försöksperson1	7703	0	
Försöksperson1	7703	0	
Försöksperson1	7703	0	
Försöksperson1	7703	0	
Försöksperson1	7703	0	
Försöksperson1	7703	0	
Försöksperson1	7703	0	
Försöksperson1	7703	0	
Försöksperson1	7703	0	
Försöksperson1	7703	0	
Försöksperson1	7703	0	
Försöksperson1	7703	0	
Försöksperson1	7703	0	
Försöksperson1	7703	0	
Försöksperson1	7703	0	
Försöksperson1	7703	0	
Försöksperson1	7703	0	
Försöksperson1	7703	0	
Försöksperson1	7703	0	
Försöksperson1	7703	0	
Försöksperson1	7703	0	
Försöksperson1	7703	0	
Försöksperson1	7703	0	
Försöksperson1	7703	0	
Försöksperson1	7703	0	
Försöksperson1	7703	0	
Försöksperson1	7703	0	
Försöksperson1	7703	0	
Försöksperson1	7703	0	
Försöksperson1	7703	0	
Försöksperson1	7703	0	
Försöksperson1	7703	0	
Försöksperson1	7703	0	
Försöksperson1	7703	0	
Försöksperson1	7703	0	
Försöksperson1	7703	0	
Försöksperson1	7703	0	
Försöksperson1	7703	0	
Försöksperson1	7703	0	
Försöksperson1	7703	0	
Försöksperson1	7703	0	
Försöksperson1	7703	0	
Försöksperson1	7703	0	
Försöksperson1	7703	0	
Försöksperson1	7703	0	
Försöksperson1	7703	0	
Försöksperson1	7703	0	
Försöksperson1	7703	0	
Försöksperson1	7703	0	
Försöksperson1	7703	0	
Försöksperson1	7703	0	
P03	133	0	
P03	133	0	
P03	133	0	
P03	133	0	
P03	133	0	
P03	133	0	
P03	133	0	
P03	133	0	
P03	17	0	
P03	17	0	
P03	650	0	
P03	650	0	
P03	650	0	
P03	650	0	
P03	650	0	
P03	650	0	
P03	650	0	
P03	650	0	
P03	650	0	
P03	650	0	
P03	650	0	
P03	650	0	
P03	650	0	
P03	650	0	
P03	650	0	
P03	650	0	
P03	650	0	
P03	650	0	
P03	650	0	
P03	650	0	
P03	650	0	
P03	650	0	
P03	650	0	
P03	650	0	
P03	650	0	
P03	650	0	
P03	650	0	
P03	650	0	
P03	650	0	
P03	650	0	
P03	650	0	
P03	650	0	
P03	650	0	
P03	650	0	
P03	650	0	
P03	650	0	
P03	650	0	
P03	650	0	
P03	650	0	
P03	17	0	
P03	117	0	
P03	117	0	
P03	117	0	
P03	117	0	
P03	117	0	
P03	117	0	
P03	117	0	
P03	17	0	
P03	33	0	
P03	33	0	
P03	17	0	
P03	50	0	
P03	50	0	
P03	50	0	
P03	100	0	
P03	100	0	
P03	100	0	
P03	100	0	
P03	100	0	
P03	100	0	
P03	17	0	
P03	233	0	
P03	233	0	
P03	233	0	
P03	233	0	
P03	233	0	
P03	233	0	
P03	233	0	
P03	233	0	
P03	233	0	
P03	233	0	
P03	233	0	
P03	233	0	
P03	233	0	
P03	233	0	
P03	83	0	
P03	83	0	
P03	83	0	
P03	83	0	
P03	83	0	
P03	17	0	
P03	133	0	
P03	133	0	
P03	133	0	
P03	133	0	
P03	133	0	
P03	133	0	
P03	133	0	
P03	133	0	
P03	17	0	
P03	217	0	
P03	217	0	
P03	217	0	
P03	217	0	
P03	217	0	
P03	217	0	
P03	217	0	
P03	217	0	
P03	217	0	
P03	217	0	
P03	217	0	
P03	217	0	
P03	217	0	
P03	83	0	
P03	83	0	
P03	83	0	
P03	83	0	
P03	83	0	
P03	17	0	
P03	167	0	
P03	167	0	
P03	167	0	
P03	167	0	
P03	167	0	
P03	167	0	
P03	167	0	
P03	167	0	
P03	167	0	
P03	167	0	
P03	483	0	
P03	483	0	
P03	483	0	
P03	483	0	
P03	483	0	
P03	483	0	
P03	483	0	
P03	483	0	
P03	483	0	
P03	483	0	
P03	483	0	
P03	483	0	
P03	483	0	
P03	483	0	
P03	483	0	
P03	483	0	
P03	483	0	
P03	483	0	
P03	483	0	
P03	483	0	
P03	483	0	
P03	483	0	
P03	483	0	
P03	483	0	
P03	483	0	
P03	483	0	
P03	483	0	
P03	483	0	
P03	483	0	
P03	17	0	
P03	17	0	
P03	133	0	
P03	133	0	
P03	133	0	
P03	133	0	
P03	133	0	
P03	133	0	
P03	133	0	
P03	133	0	
P03	17	0	
P03	17	0	
P03	50	0	
P03	50	0	
P03	50	0	
P03	83	0	
P03	83	0	
P03	83	0	
P03	83	0	
P03	83	0	
P03	17	0	
P03	33	0	
P03	33	0	
P03	117	0	
P03	117	0	
P03	117	0	
P03	117	0	
P03	117	0	
P03	117	0	
P03	117	0	
P03	17	0	
P03	67	0	
P03	67	0	
P03	67	0	
P03	67	0	
P03	150	0	
P03	150	0	
P03	150	0	
P03	150	0	
P03	150	0	
P03	150	0	
P03	150	0	
P03	150	0	
P03	150	0	
P03	17	0	
P03	50	0	
P03	50	0	
P03	50	0	
P03	33	0	
P03	33	0	
P03	17	0	
P03	67	0	
P03	67	0	
P03	67	0	
P03	67	0	
P03	83	0	
P03	83	0	
P03	83	0	
P03	83	0	
P03	83	0	
P03	17	0	
P03	50	0	
P03	50	0	
P03	50	0	
P03	100	0	
P03	100	0	
P03	100	0	
P03	100	0	
P03	100	0	
P03	100	0	
P03	17	0	
P03	216	0	
P03	216	0	
P03	216	0	
P03	216	0	
P03	216	0	
P03	216	0	
P03	216	0	
P03	216	0	
P03	216	0	
P03	216	0	
P03	216	0	
P03	216	0	
P03	216	0	
P03	50	0	
P03	50	0	
P03	50	0	
P03	200	0	
P03	200	0	
P03	200	0	
P03	200	0	
P03	200	0	
P03	200	0	
P03	200	0	
P03	200	0	
P03	200	0	
P03	200	0	
P03	200	0	
P03	200	0	
P03	33	0	
P03	33	0	
P03	466	0	
P03	466	0	
P03	466	0	
P03	466	0	
P03	466	0	
P03	466	0	
P03	466	0	
P03	466	0	
P03	466	0	
P03	466	0	
P03	466	0	
P03	466	0	
P03	466	0	
P03	466	0	
P03	466	0	
P03	466	0	
P03	466	0	
P03	466	0	
P03	466	0	
P03	466	0	
P03	466	0	
P03	466	0	
P03	466	0	
P03	466	0	
P03	466	0	
P03	466	0	
P03	466	0	
P03	466	0	
P03	33	0	
P03	33	0	
P03	416	0	
P03	416	0	
P03	416	0	
P03	416	0	
P03	416	0	
P03	416	0	
P03	416	0	
P03	416	0	
P03	416	0	
P03	416	0	
P03	416	0	
P03	416	0	
P03	416	0	
P03	416	0	
P03	416	0	
P03	416	0	
P03	416	0	
P03	416	0	
P03	416	0	
P03	416	0	
P03	416	0	
P03	416	0	
P03	416	0	
P03	416	0	
P03	416	0	
P03	33	0	
P03	33	0	
P03	400	0	
P03	400	0	
P03	400	0	
P03	400	0	
P03	400	0	
P03	400	0	
P03	400	0	
P03	400	0	
P03	400	0	
P03	400	0	
P03	400	0	
P03	400	0	
P03	400	0	
P03	400	0	
P03	400	0	
P03	400	0	
P03	400	0	
P03	400	0	
P03	400	0	
P03	400	0	
P03	400	0	
P03	400	0	
P03	400	0	
P03	400	0	
P03	33	0	
P03	33	0	
P03	650	0	
P03	650	0	
P03	650	0	
P03	650	0	
P03	650	0	
P03	650	0	
P03	650	0	
P03	650	0	
P03	650	0	
P03	650	0	
P03	650	0	
P03	650	0	
P03	650	0	
P03	650	0	
P03	650	0	
P03	650	0	
P03	650	0	
P03	650	0	
P03	650	0	
P03	650	0	
P03	650	0	
P03	650	0	
P03	650	0	
P03	650	0	
P03	650	0	
P03	650	0	
P03	650	0	
P03	650	0	
P03	650	0	
P03	650	0	
P03	650	0	
P03	650	0	
P03	650	0	
P03	650	0	
P03	650	0	
P03	650	0	
P03	650	0	
P03	650	0	
P03	650	0	
P03	799	0	
P03	799	0	
P03	799	0	
P03	799	0	
P03	799	0	
P03	799	0	
P03	799	0	
P03	799	0	
P03	799	0	
P03	799	0	
P03	799	0	
P03	799	0	
P03	799	0	
P03	799	0	
P03	799	0	
P03	799	0	
P03	799	0	
P03	799	0	
P03	799	0	
P03	799	0	
P03	799	0	
P03	799	0	
P03	799	0	
P03	799	0	
P03	799	0	
P03	799	0	
P03	799	0	
P03	799	0	
P03	799	0	
P03	799	0	
P03	799	0	
P03	799	0	
P03	799	0	
P03	799	0	
P03	799	0	
P03	799	0	
P03	799	0	
P03	799	0	
P03	799	0	
P03	799	0	
P03	799	0	
P03	799	0	
P03	799	0	
P03	799	0	
P03	799	0	
P03	799	0	
P03	799	0	
P03	799	0	
P03	17	0	
P03	117	0	
P03	117	0	
P03	117	0	
P03	117	0	
P03	117	0	
P03	117	0	
P03	117	0	
P03	17	0	
P03	216	0	
P03	216	0	
P03	216	0	
P03	216	0	
P03	216	0	
P03	216	0	
P03	216	0	
P03	216	0	
P03	216	0	
P03	216	0	
P03	216	0	
P03	216	0	
P03	216	0	
P03	17	0	
P03	366	0	
P03	366	0	
P03	366	0	
P03	366	0	
P03	366	0	
P03	366	0	
P03	366	0	
P03	366	0	
P03	366	0	
P03	366	0	
P03	366	0	
P03	366	0	
P03	366	0	
P03	366	0	
P03	366	0	
P03	366	0	
P03	366	0	
P03	366	0	
P03	366	0	
P03	366	0	
P03	366	0	
P03	366	0	
P03	83	0	
P03	83	0	
P03	83	0	
P03	83	0	
P03	83	0	
P03	17	0	
P03	316	0	
P03	316	0	
P03	316	0	
P03	316	0	
P03	316	0	
P03	316	0	
P03	316	0	
P03	316	0	
P03	316	0	
P03	316	0	
P03	316	0	
P03	316	0	
P03	316	0	
P03	316	0	
P03	316	0	
P03	316	0	
P03	316	0	
P03	316	0	
P03	316	0	
P03	67	0	
P03	67	0	
P03	67	0	
P03	67	0	
P03	916	0	
P03	916	0	
P03	916	0	
P03	916	0	
P03	916	0	
P03	916	0	
P03	916	0	
P03	916	0	
P03	916	0	
P03	916	0	
P03	916	0	
P03	916	0	
P03	916	0	
P03	916	0	
P03	916	0	
P03	916	0	
P03	916	0	
P03	916	0	
P03	916	0	
P03	916	0	
P03	916	0	
P03	916	0	
P03	916	0	
P03	916	0	
P03	916	0	
P03	916	0	
P03	916	0	
P03	916	0	
P03	916	0	
P03	916	0	
P03	916	0	
P03	916	0	
P03	916	0	
P03	916	0	
P03	916	0	
P03	916	0	
P03	916	0	
P03	916	0	
P03	916	0	
P03	916	0	
P03	916	0	
P03	916	0	
P03	916	0	
P03	916	0	
P03	916	0	
P03	916	0	
P03	916	0	
P03	916	0	
P03	916	0	
P03	916	0	
P03	916	0	
P03	916	0	
P03	916	0	
P03	916	0	
P03	916	0	
P03	17	0	
P03	1732	0	
P03	1732	0	
P03	1732	0	
P03	1732	0	
P03	1732	0	
P03	1732	0	
P03	1732	0	
P03	1732	0	
P03	1732	0	
P03	1732	0	
P03	1732	0	
P03	1732	0	
P03	1732	0	
P03	1732	0	
P03	1732	0	
P03	1732	0	
P03	1732	0	
P03	1732	0	
P03	1732	0	
P03	1732	0	
P03	1732	0	
P03	1732	0	
P03	1732	0	
P03	1732	0	
P03	1732	0	
P03	1732	0	
P03	1732	0	
P03	1732	0	
P03	1732	0	
P03	1732	0	
P03	1732	0	
P03	1732	0	
P03	1732	0	
P03	1732	0	
P03	1732	0	
P03	1732	0	
P03	1732	0	
P03	1732	0	
P03	1732	0	
P03	1732	0	
P03	1732	0	
P03	1732	0	
P03	1732	0	
P03	1732	0	
P03	1732	0	
P03	1732	0	
P03	1732	0	
P03	1732	0	
P03	1732	0	
P03	1732	0	
P03	1732	0	
P03	1732	0	
P03	1732	0	
P03	1732	0	
P03	1732	0	
P03	1732	0	
P03	1732	0	
P03	1732	0	
P03	1732	0	
P03	1732	0	
P03	1732	0	
P03	1732	0	
P03	1732	0	
P03	1732	0	
P03	1732	0	
P03	1732	0	
P03	1732	0	
P03	1732	0	
P03	1732	0	
P03	1732	0	
P03	1732	0	
P03	1732	0	
P03	1732	0	
P03	1732	0	
P03	1732	0	
P03	1732	0	
P03	1732	0	
P03	1732	0	
P03	1732	0	
P03	1732	0	
P03	1732	0	
P03	1732	0	
P03	1732	0	
P03	1732	0	
P03	1732	0	
P03	1732	0	
P03	1732	0	
P03	1732	0	
P03	1732	0	
P03	1732	0	
P03	1732	0	
P03	1732	0	
P03	1732	0	
P03	1732	0	
P03	1732	0	
P03	1732	0	
P03	1732	0	
P03	1732	0	
P03	1732	0	
P03	1732	0	
P03	1732	0	
P03	1732	0	
P03	1732	0	
P03	1732	0	
P03	17	0	
P03	183	0	
P03	183	0	
P03	183	0	
P03	183	0	
P03	183	0	
P03	183	0	
P03	183	0	
P03	183	0	
P03	183	0	
P03	183	0	
P03	183	0	
P03	17	0	
P03	83	0	
P03	83	0	
P03	83	0	
P03	83	0	
P03	83	0	
P03	17	0	
P03	100	0	
P03	100	0	
P03	100	0	
P03	100	0	
P03	100	0	
P03	100	0	
P03	17	0	
P03	183	0	
P03	183	0	
P03	183	0	
P03	183	0	
P03	183	0	
P03	183	0	
P03	183	0	
P03	183	0	
P03	183	0	
P03	183	0	
P03	183	0	
P03	67	0	
P03	67	0	
P03	67	0	
P03	67	0	
P03	150	1	
P03	150	1	
P03	150	1	
P03	150	1	
P03	150	1	
P03	150	1	
P03	150	1	
P03	150	1	
P03	150	1	
P03	33	0	
P03	33	0	
P03	383	1	
P03	383	1	
P03	383	1	
P03	383	1	
P03	383	1	
P03	383	1	
P03	383	1	
P03	383	1	
P03	383	1	
P03	383	1	
P03	383	1	
P03	383	1	
P03	383	1	
P03	383	1	
P03	383	1	
P03	383	1	
P03	383	1	
P03	383	1	
P03	383	1	
P03	383	1	
P03	383	1	
P03	383	1	
P03	383	1	
P03	50	0	
P03	50	0	
P03	50	0	
P03	966	0	
P03	966	0	
P03	966	0	
P03	966	0	
P03	966	0	
P03	966	0	
P03	966	0	
P03	966	0	
P03	966	0	
P03	966	0	
P03	966	0	
P03	966	0	
P03	966	0	
P03	966	0	
P03	966	0	
P03	966	0	
P03	966	0	
P03	966	0	
P03	966	0	
P03	966	0	
P03	966	0	
P03	966	0	
P03	966	0	
P03	966	0	
P03	966	0	
P03	966	0	
P03	966	0	
P03	966	0	
P03	966	0	
P03	966	0	
P03	966	0	
P03	966	0	
P03	966	0	
P03	966	0	
P03	966	0	
P03	966	0	
P03	966	0	
P03	966	0	
P03	966	0	
P03	966	0	
P03	966	0	
P03	966	0	
P03	966	0	
P03	966	0	
P03	966	0	
P03	966	0	
P03	966	0	
P03	966	0	
P03	966	0	
P03	966	0	
P03	966	0	
P03	966	0	
P03	966	0	
P03	966	0	
P03	966	0	
P03	966	0	
P03	966	0	
P03	966	0	
P03	33	0	
P03	33	0	
P03	183	0	
P03	183	0	
P03	183	0	
P03	183	0	
P03	183	0	
P03	183	0	
P03	183	0	
P03	183	0	
P03	183	0	
P03	183	0	
P03	183	0	
P03	83	0	
P03	83	0	
P03	83	0	
P03	83	0	
P03	83	0	
P03	17	0	
P03	1149	0	
P03	1149	0	
P03	1149	0	
P03	1149	0	
P03	1149	0	
P03	1149	0	
P03	1149	0	
P03	1149	0	
P03	1149	0	
P03	1149	0	
P03	1149	0	
P03	1149	0	
P03	1149	0	
P03	1149	0	
P03	1149	0	
P03	1149	0	
P03	1149	0	
P03	1149	0	
P03	1149	0	
P03	1149	0	
P03	1149	0	
P03	1149	0	
P03	1149	0	
P03	1149	0	
P03	1149	0	
P03	1149	0	
P03	1149	0	
P03	1149	0	
P03	1149	0	
P03	1149	0	
P03	1149	0	
P03	1149	0	
P03	1149	0	
P03	1149	0	
P03	1149	0	
P03	1149	0	
P03	1149	0	
P03	1149	0	
P03	1149	0	
P03	1149	0	
P03	1149	0	
P03	1149	0	
P03	1149	0	
P03	1149	0	
P03	1149	0	
P03	1149	0	
P03	1149	0	
P03	1149	0	
P03	1149	0	
P03	1149	0	
P03	1149	0	
P03	1149	0	
P03	1149	0	
P03	1149	0	
P03	1149	0	
P03	1149	0	
P03	1149	0	
P03	1149	0	
P03	1149	0	
P03	1149	0	
P03	1149	0	
P03	1149	0	
P03	1149	0	
P03	1149	0	
P03	1149	0	
P03	1149	0	
P03	1149	0	
P03	1149	0	
P03	1149	0	
P03	17	0	
P03	233	0	
P03	233	0	
P03	233	0	
P03	233	0	
P03	233	0	
P03	233	0	
P03	233	0	
P03	233	0	
P03	233	0	
P03	233	0	
P03	233	0	
P03	233	0	
P03	233	0	
P03	233	0	
P03	33	0	
P03	33	0	
P03	133	0	
P03	133	0	
P03	133	0	
P03	133	0	
P03	133	0	
P03	133	0	
P03	133	0	
P03	133	0	
P03	83	0	
P03	83	0	
P03	83	0	
P03	83	0	
P03	83	0	
P03	17	0	
P03	83	0	
P03	83	0	
P03	83	0	
P03	83	0	
P03	83	0	
P03	466	0	
P03	466	0	
P03	466	0	
P03	466	0	
P03	466	0	
P03	466	0	
P03	466	0	
P03	466	0	
P03	466	0	
P03	466	0	
P03	466	0	
P03	466	0	
P03	466	0	
P03	466	0	
P03	466	0	
P03	466	0	
P03	466	0	
P03	466	0	
P03	466	0	
P03	466	0	
P03	466	0	
P03	466	0	
P03	466	0	
P03	466	0	
P03	466	0	
P03	466	0	
P03	466	0	
P03	466	0	
P03	17	0	
P03	83	0	
P03	83	0	
P03	83	0	
P03	83	0	
P03	83	0	
P03	17	0	
P03	83	1	
P03	83	1	
P03	83	1	
P03	83	1	
P03	83	1	
P03	33	0	
P03	33	0	
P03	117	1	
P03	117	1	
P03	117	1	
P03	117	1	
P03	117	1	
P03	117	1	
P03	117	1	
P03	100	0	
P03	100	0	
P03	100	0	
P03	100	0	
P03	100	0	
P03	100	0	
P03	550	0	
P03	550	0	
P03	550	0	
P03	550	0	
P03	550	0	
P03	550	0	
P03	550	0	
P03	550	0	
P03	550	0	
P03	550	0	
P03	550	0	
P03	550	0	
P03	550	0	
P03	550	0	
P03	550	0	
P03	550	0	
P03	550	0	
P03	550	0	
P03	550	0	
P03	550	0	
P03	550	0	
P03	550	0	
P03	550	0	
P03	550	0	
P03	550	0	
P03	550	0	
P03	550	0	
P03	550	0	
P03	550	0	
P03	550	0	
P03	550	0	
P03	550	0	
P03	550	0	
P03	133	0	
P03	133	0	
P03	133	0	
P03	133	0	
P03	133	0	
P03	133	0	
P03	133	0	
P03	133	0	
P03	17	0	
P03	133	0	
P03	133	0	
P03	133	0	
P03	133	0	
P03	133	0	
P03	133	0	
P03	133	0	
P03	133	0	
P03	17	0	
P03	283	0	
P03	283	0	
P03	283	0	
P03	283	0	
P03	283	0	
P03	283	0	
P03	283	0	
P03	283	0	
P03	283	0	
P03	283	0	
P03	283	0	
P03	283	0	
P03	283	0	
P03	283	0	
P03	283	0	
P03	283	0	
P03	283	0	
P03	50	0	
P03	50	0	
P03	50	0	
P03	150	0	
P03	150	0	
P03	150	0	
P03	150	0	
P03	150	0	
P03	150	0	
P03	150	0	
P03	150	0	
P03	150	0	
P03	17	0	
P03	33	0	
P03	33	0	
P03	67	0	
P03	67	0	
P03	67	0	
P03	67	0	
P03	300	0	
P03	300	0	
P03	300	0	
P03	300	0	
P03	300	0	
P03	300	0	
P03	300	0	
P03	300	0	
P03	300	0	
P03	300	0	
P03	300	0	
P03	300	0	
P03	300	0	
P03	300	0	
P03	300	0	
P03	300	0	
P03	300	0	
P03	300	0	
P03	50	0	
P03	50	0	
P03	50	0	
P03	117	0	
P03	117	0	
P03	117	0	
P03	117	0	
P03	117	0	
P03	117	0	
P03	117	0	
P03	17	0	
P03	17	0	
P03	1582	0	
P03	1582	0	
P03	1582	0	
P03	1582	0	
P03	1582	0	
P03	1582	0	
P03	1582	0	
P03	1582	0	
P03	1582	0	
P03	1582	0	
P03	1582	0	
P03	1582	0	
P03	1582	0	
P03	1582	0	
P03	1582	0	
P03	1582	0	
P03	1582	0	
P03	1582	0	
P03	1582	0	
P03	1582	0	
P03	1582	0	
P03	1582	0	
P03	1582	0	
P03	1582	0	
P03	1582	0	
P03	1582	0	
P03	1582	0	
P03	1582	0	
P03	1582	0	
P03	1582	0	
P03	1582	0	
P03	1582	0	
P03	1582	0	
P03	1582	0	
P03	1582	0	
P03	1582	0	
P03	1582	0	
P03	1582	0	
P03	1582	0	
P03	1582	0	
P03	1582	0	
P03	1582	0	
P03	1582	0	
P03	1582	0	
P03	1582	0	
P03	1582	0	
P03	1582	0	
P03	1582	0	
P03	1582	0	
P03	1582	0	
P03	1582	0	
P03	1582	0	
P03	1582	0	
P03	1582	0	
P03	1582	0	
P03	1582	0	
P03	1582	0	
P03	1582	0	
P03	1582	0	
P03	1582	0	
P03	1582	0	
P03	1582	0	
P03	1582	0	
P03	1582	0	
P03	1582	0	
P03	1582	0	
P03	1582	0	
P03	1582	0	
P03	1582	0	
P03	1582	0	
P03	1582	0	
P03	1582	0	
P03	1582	0	
P03	1582	0	
P03	1582	0	
P03	1582	0	
P03	1582	0	
P03	1582	0	
P03	1582	0	
P03	1582	0	
P03	1582	0	
P03	1582	0	
P03	1582	0	
P03	1582	0	
P03	1582	0	
P03	1582	0	
P03	1582	0	
P03	1582	0	
P03	1582	0	
P03	1582	0	
P03	1582	0	
P03	1582	0	
P03	1582	0	
P03	1582	0	
P03	1582	0	
P03	33	0	
P03	33	0	
P03	700	0	
P03	700	0	
P03	700	0	
P03	700	0	
P03	700	0	
P03	700	0	
P03	700	0	
P03	700	0	
P03	700	0	
P03	700	0	
P03	700	0	
P03	700	0	
P03	700	0	
P03	700	0	
P03	700	0	
P03	700	0	
P03	700	0	
P03	700	0	
P03	700	0	
P03	700	0	
P03	700	0	
P03	700	0	
P03	700	0	
P03	700	0	
P03	700	0	
P03	700	0	
P03	700	0	
P03	700	0	
P03	700	0	
P03	700	0	
P03	700	0	
P03	700	0	
P03	700	0	
P03	700	0	
P03	700	0	
P03	700	0	
P03	700	0	
P03	700	0	
P03	700	0	
P03	700	0	
P03	700	0	
P03	700	0	
P03	33	0	
P03	33	0	
P06	316	0	
P06	316	0	
P06	316	0	
P06	316	0	
P06	316	0	
P06	17	0	
P06	117	0	
P06	117	0	
P06	117	0	
P06	117	0	
P06	117	0	
P06	117	0	
P06	117	0	
P06	50	0	
P06	50	0	
P06	50	0	
P06	100	0	
P06	100	0	
P06	100	0	
P06	100	0	
P06	100	0	
P06	100	0	
P06	83	0	
P06	83	0	
P06	83	0	
P06	83	0	
P06	83	0	
P06	17	0	
P06	50	0	
P06	50	0	
P06	50	0	
P06	83	0	
P06	83	0	
P06	83	0	
P06	83	0	
P06	83	0	
P06	17	0	
P06	233	0	
P06	233	0	
P06	233	0	
P06	233	0	
P06	233	0	
P06	233	0	
P06	233	0	
P06	233	0	
P06	233	0	
P06	233	0	
P06	233	0	
P06	233	0	
P06	233	0	
P06	233	0	
P06	67	0	
P06	67	0	
P06	67	0	
P06	67	0	
P06	400	0	
P06	400	0	
P06	400	0	
P06	400	0	
P06	400	0	
P06	400	0	
P06	400	0	
P06	400	0	
P06	400	0	
P06	400	0	
P06	400	0	
P06	400	0	
P06	400	0	
P06	400	0	
P06	400	0	
P06	400	0	
P06	400	0	
P06	400	0	
P06	400	0	
P06	400	0	
P06	400	0	
P06	400	0	
P06	400	0	
P06	400	0	
P06	17	0	
P06	33	0	
P06	33	0	
P06	83	0	
P06	83	0	
P06	83	0	
P06	83	0	
P06	83	0	
P06	17	0	
P06	83	0	
P06	83	0	
P06	83	0	
P06	83	0	
P06	83	0	
P06	899	0	
P06	899	0	
P06	899	0	
P06	899	0	
P06	899	0	
P06	899	0	
P06	899	0	
P06	899	0	
P06	899	0	
P06	899	0	
P06	899	0	
P06	899	0	
P06	899	0	
P06	899	0	
P06	899	0	
P06	899	0	
P06	899	0	
P06	899	0	
P06	899	0	
P06	899	0	
P06	899	0	
P06	899	0	
P06	899	0	
P06	899	0	
P06	899	0	
P06	899	0	
P06	899	0	
P06	899	0	
P06	899	0	
P06	899	0	
P06	899	0	
P06	899	0	
P06	899	0	
P06	899	0	
P06	899	0	
P06	899	0	
P06	899	0	
P06	899	0	
P06	899	0	
P06	899	0	
P06	899	0	
P06	899	0	
P06	899	0	
P06	899	0	
P06	899	0	
P06	899	0	
P06	899	0	
P06	899	0	
P06	899	0	
P06	899	0	
P06	899	0	
P06	899	0	
P06	899	0	
P06	899	0	
P06	17	0	
P06	133	0	
P06	133	0	
P06	133	0	
P06	133	0	
P06	133	0	
P06	133	0	
P06	133	0	
P06	133	0	
P06	100	0	
P06	100	0	
P06	100	0	
P06	100	0	
P06	100	0	
P06	100	0	
P06	17	0	
P06	283	0	
P06	283	0	
P06	283	0	
P06	283	0	
P06	283	0	
P06	283	0	
P06	283	0	
P06	283	0	
P06	283	0	
P06	283	0	
P06	283	0	
P06	283	0	
P06	283	0	
P06	283	0	
P06	283	0	
P06	283	0	
P06	283	0	
P06	50	0	
P06	50	0	
P06	50	0	
P06	250	0	
P06	250	0	
P06	250	0	
P06	250	0	
P06	250	0	
P06	250	0	
P06	250	0	
P06	250	0	
P06	250	0	
P06	250	0	
P06	250	0	
P06	250	0	
P06	250	0	
P06	250	0	
P06	250	0	
P06	83	0	
P06	83	0	
P06	83	0	
P06	83	0	
P06	83	0	
P06	17	0	
P06	33	0	
P06	33	0	
P06	117	0	
P06	117	0	
P06	117	0	
P06	117	0	
P06	117	0	
P06	117	0	
P06	117	0	
P06	17	0	
P06	100	0	
P06	100	0	
P06	100	0	
P06	100	0	
P06	100	0	
P06	100	0	
P06	200	0	
P06	200	0	
P06	200	0	
P06	200	0	
P06	200	0	
P06	200	0	
P06	200	0	
P06	200	0	
P06	200	0	
P06	200	0	
P06	200	0	
P06	200	0	
P06	83	0	
P06	83	0	
P06	83	0	
P06	83	0	
P06	83	0	
P06	316	0	
P06	316	0	
P06	316	0	
P06	316	0	
P06	316	0	
P06	316	0	
P06	316	0	
P06	316	0	
P06	316	0	
P06	316	0	
P06	316	0	
P06	316	0	
P06	316	0	
P06	316	0	
P06	316	0	
P06	316	0	
P06	316	0	
P06	316	0	
P06	316	0	
P06	33	0	
P06	33	0	
P06	117	0	
P06	117	0	
P06	117	0	
P06	117	0	
P06	117	0	
P06	117	0	
P06	117	0	
P06	33	0	
P06	33	0	
P06	300	0	
P06	300	0	
P06	300	0	
P06	300	0	
P06	300	0	
P06	300	0	
P06	300	0	
P06	300	0	
P06	300	0	
P06	300	0	
P06	300	0	
P06	300	0	
P06	300	0	
P06	300	0	
P06	300	0	
P06	300	0	
P06	300	0	
P06	300	0	
P06	50	0	
P06	50	0	
P06	50	0	
P06	366	0	
P06	366	0	
P06	366	0	
P06	366	0	
P06	366	0	
P06	366	0	
P06	366	0	
P06	366	0	
P06	366	0	
P06	366	0	
P06	366	0	
P06	366	0	
P06	366	0	
P06	366	0	
P06	366	0	
P06	366	0	
P06	366	0	
P06	366	0	
P06	366	0	
P06	366	0	
P06	366	0	
P06	366	0	
P06	716	0	
P06	716	0	
P06	716	0	
P06	716	0	
P06	716	0	
P06	716	0	
P06	716	0	
P06	716	0	
P06	716	0	
P06	716	0	
P06	716	0	
P06	716	0	
P06	716	0	
P06	716	0	
P06	716	0	
P06	716	0	
P06	716	0	
P06	716	0	
P06	716	0	
P06	716	0	
P06	716	0	
P06	716	0	
P06	716	0	
P06	716	0	
P06	716	0	
P06	716	0	
P06	716	0	
P06	716	0	
P06	716	0	
P06	716	0	
P06	716	0	
P06	716	0	
P06	716	0	
P06	716	0	
P06	716	0	
P06	716	0	
P06	716	0	
P06	716	0	
P06	716	0	
P06	716	0	
P06	716	0	
P06	716	0	
P06	716	0	
P06	17	0	
P06	50	0	
P06	50	0	
P06	50	0	
P06	1232	0	
P06	1232	0	
P06	1232	0	
P06	1232	0	
P06	1232	0	
P06	1232	0	
P06	1232	0	
P06	1232	0	
P06	1232	0	
P06	1232	0	
P06	1232	0	
P06	1232	0	
P06	1232	0	
P06	1232	0	
P06	1232	0	
P06	1232	0	
P06	1232	0	
P06	1232	0	
P06	1232	0	
P06	1232	0	
P06	1232	0	
P06	1232	0	
P06	1232	0	
P06	1232	0	
P06	1232	0	
P06	1232	0	
P06	1232	0	
P06	1232	0	
P06	1232	0	
P06	1232	0	
P06	1232	0	
P06	1232	0	
P06	1232	0	
P06	1232	0	
P06	1232	0	
P06	1232	0	
P06	1232	0	
P06	1232	0	
P06	1232	0	
P06	1232	0	
P06	1232	0	
P06	1232	0	
P06	1232	0	
P06	1232	0	
P06	1232	0	
P06	1232	0	
P06	1232	0	
P06	1232	0	
P06	1232	0	
P06	1232	0	
P06	1232	0	
P06	1232	0	
P06	1232	0	
P06	1232	0	
P06	1232	0	
P06	1232	0	
P06	1232	0	
P06	1232	0	
P06	1232	0	
P06	1232	0	
P06	1232	0	
P06	1232	0	
P06	1232	0	
P06	1232	0	
P06	1232	0	
P06	1232	0	
P06	1232	0	
P06	1232	0	
P06	1232	0	
P06	1232	0	
P06	1232	0	
P06	1232	0	
P06	1232	0	
P06	1232	0	
P06	17	0	
P06	133	0	
P06	133	0	
P06	133	0	
P06	133	0	
P06	133	0	
P06	133	0	
P06	133	0	
P06	133	0	
P06	216	0	
P06	216	0	
P06	216	0	
P06	216	0	
P06	216	0	
P06	216	0	
P06	216	0	
P06	216	0	
P06	216	0	
P06	216	0	
P06	216	0	
P06	216	0	
P06	216	0	
P06	17	0	
P06	1149	0	
P06	1149	0	
P06	1149	0	
P06	1149	0	
P06	1149	0	
P06	1149	0	
P06	1149	0	
P06	1149	0	
P06	1149	0	
P06	1149	0	
P06	1149	0	
P06	1149	0	
P06	1149	0	
P06	1149	0	
P06	1149	0	
P06	1149	0	
P06	1149	0	
P06	1149	0	
P06	1149	0	
P06	1149	0	
P06	1149	0	
P06	1149	0	
P06	1149	0	
P06	1149	0	
P06	1149	0	
P06	1149	0	
P06	1149	0	
P06	1149	0	
P06	1149	0	
P06	1149	0	
P06	1149	0	
P06	1149	0	
P06	1149	0	
P06	1149	0	
P06	1149	0	
P06	1149	0	
P06	1149	0	
P06	1149	0	
P06	1149	0	
P06	1149	0	
P06	1149	0	
P06	1149	0	
P06	1149	0	
P06	1149	0	
P06	1149	0	
P06	1149	0	
P06	1149	0	
P06	1149	0	
P06	1149	0	
P06	1149	0	
P06	1149	0	
P06	1149	0	
P06	1149	0	
P06	1149	0	
P06	1149	0	
P06	1149	0	
P06	1149	0	
P06	1149	0	
P06	1149	0	
P06	1149	0	
P06	1149	0	
P06	1149	0	
P06	1149	0	
P06	1149	0	
P06	1149	0	
P06	1149	0	
P06	1149	0	
P06	1149	0	
P06	1149	0	
P06	17	0	
P06	33	0	
P06	33	0	
P06	133	0	
P06	133	0	
P06	133	0	
P06	133	0	
P06	133	0	
P06	133	0	
P06	133	0	
P06	133	0	
P06	17	0	
P06	67	0	
P06	67	0	
P06	67	0	
P06	67	0	
P06	999	0	
P06	999	0	
P06	999	0	
P06	999	0	
P06	999	0	
P06	999	0	
P06	999	0	
P06	999	0	
P06	999	0	
P06	999	0	
P06	999	0	
P06	999	0	
P06	999	0	
P06	999	0	
P06	999	0	
P06	999	0	
P06	999	0	
P06	999	0	
P06	999	0	
P06	999	0	
P06	999	0	
P06	999	0	
P06	999	0	
P06	999	0	
P06	999	0	
P06	999	0	
P06	999	0	
P06	999	0	
P06	999	0	
P06	999	0	
P06	999	0	
P06	999	0	
P06	999	0	
P06	999	0	
P06	999	0	
P06	999	0	
P06	999	0	
P06	999	0	
P06	999	0	
P06	999	0	
P06	999	0	
P06	999	0	
P06	999	0	
P06	999	0	
P06	999	0	
P06	999	0	
P06	999	0	
P06	999	0	
P06	999	0	
P06	999	0	
P06	999	0	
P06	999	0	
P06	999	0	
P06	999	0	
P06	999	0	
P06	999	0	
P06	999	0	
P06	999	0	
P06	999	0	
P06	999	0	
P06	17	0	
P06	183	0	
P06	183	0	
P06	183	0	
P06	183	0	
P06	183	0	
P06	183	0	
P06	183	0	
P06	183	0	
P06	183	0	
P06	183	0	
P06	183	0	
P06	17	0	
P06	17	0	
P06	17	0	
P06	100	0	
P06	100	0	
P06	100	0	
P06	100	0	
P06	100	0	
P06	100	0	
P06	17	0	
P06	433	0	
P06	433	0	
P06	433	0	
P06	433	0	
P06	433	0	
P06	433	0	
P06	433	0	
P06	433	0	
P06	433	0	
P06	433	0	
P06	433	0	
P06	433	0	
P06	433	0	
P06	433	0	
P06	433	0	
P06	433	0	
P06	433	0	
P06	433	0	
P06	433	0	
P06	433	0	
P06	433	0	
P06	433	0	
P06	433	0	
P06	433	0	
P06	433	0	
P06	433	0	
P06	17	0	
P06	17	0	
P06	167	0	
P06	167	0	
P06	167	0	
P06	167	0	
P06	167	0	
P06	167	0	
P06	167	0	
P06	167	0	
P06	167	0	
P06	167	0	
P06	17	0	
P06	416	0	
P06	416	0	
P06	416	0	
P06	416	0	
P06	416	0	
P06	416	0	
P06	416	0	
P06	416	0	
P06	416	0	
P06	416	0	
P06	416	0	
P06	416	0	
P06	416	0	
P06	416	0	
P06	416	0	
P06	416	0	
P06	416	0	
P06	416	0	
P06	416	0	
P06	416	0	
P06	416	0	
P06	416	0	
P06	416	0	
P06	416	0	
P06	416	0	
P06	17	0	
P06	200	0	
P06	200	0	
P06	200	0	
P06	200	0	
P06	200	0	
P06	200	0	
P06	200	0	
P06	200	0	
P06	200	0	
P06	200	0	
P06	200	0	
P06	200	0	
P06	17	0	
P06	466	0	
P06	466	0	
P06	466	0	
P06	466	0	
P06	466	0	
P06	466	0	
P06	466	0	
P06	466	0	
P06	466	0	
P06	466	0	
P06	466	0	
P06	466	0	
P06	466	0	
P06	466	0	
P06	466	0	
P06	466	0	
P06	466	0	
P06	466	0	
P06	466	0	
P06	466	0	
P06	466	0	
P06	466	0	
P06	466	0	
P06	466	0	
P06	466	0	
P06	466	0	
P06	466	0	
P06	466	0	
P06	17	0	
P06	50	0	
P06	50	0	
P06	50	0	
P06	17	0	
P06	283	0	
P06	283	0	
P06	283	0	
P06	283	0	
P06	283	0	
P06	283	0	
P06	283	0	
P06	283	0	
P06	283	0	
P06	283	0	
P06	283	0	
P06	283	0	
P06	283	0	
P06	283	0	
P06	283	0	
P06	283	0	
P06	283	0	
P06	17	0	
P06	50	0	
P06	50	0	
P06	50	0	
P06	83	0	
P06	83	0	
P06	83	0	
P06	83	0	
P06	83	0	
P06	17	0	
P06	83	0	
P06	83	0	
P06	83	0	
P06	83	0	
P06	83	0	
P06	266	0	
P06	266	0	
P06	266	0	
P06	266	0	
P06	266	0	
P06	266	0	
P06	266	0	
P06	266	0	
P06	266	0	
P06	266	0	
P06	266	0	
P06	266	0	
P06	266	0	
P06	266	0	
P06	266	0	
P06	266	0	
P06	17	0	
P06	117	0	
P06	117	0	
P06	117	0	
P06	117	0	
P06	117	0	
P06	117	0	
P06	117	0	
P06	17	0	
P06	17	0	
P06	1049	0	
P06	1049	0	
P06	1049	0	
P06	1049	0	
P06	1049	0	
P06	1049	0	
P06	1049	0	
P06	1049	0	
P06	1049	0	
P06	1049	0	
P06	1049	0	
P06	1049	0	
P06	1049	0	
P06	1049	0	
P06	1049	0	
P06	1049	0	
P06	1049	0	
P06	1049	0	
P06	1049	0	
P06	1049	0	
P06	1049	0	
P06	1049	0	
P06	1049	0	
P06	1049	0	
P06	1049	0	
P06	1049	0	
P06	1049	0	
P06	1049	0	
P06	1049	0	
P06	1049	0	
P06	1049	0	
P06	1049	0	
P06	1049	0	
P06	1049	0	
P06	1049	0	
P06	1049	0	
P06	1049	0	
P06	1049	0	
P06	1049	0	
P06	1049	0	
P06	1049	0	
P06	1049	0	
P06	1049	0	
P06	1049	0	
P06	1049	0	
P06	1049	0	
P06	1049	0	
P06	1049	0	
P06	1049	0	
P06	1049	0	
P06	1049	0	
P06	1049	0	
P06	1049	0	
P06	1049	0	
P06	1049	0	
P06	1049	0	
P06	1049	0	
P06	1049	0	
P06	1049	0	
P06	1049	0	
P06	1049	0	
P06	1049	0	
P06	1049	0	
P06	17	0	
P06	17	0	
P06	17	0	
P06	616	0	
P06	616	0	
P06	616	0	
P06	616	0	
P06	616	0	
P06	616	0	
P06	616	0	
P06	616	0	
P06	616	0	
P06	616	0	
P06	616	0	
P06	616	0	
P06	616	0	
P06	616	0	
P06	616	0	
P06	616	0	
P06	616	0	
P06	616	0	
P06	616	0	
P06	616	0	
P06	616	0	
P06	616	0	
P06	616	0	
P06	616	0	
P06	616	0	
P06	616	0	
P06	616	0	
P06	616	0	
P06	616	0	
P06	616	0	
P06	616	0	
P06	616	0	
P06	616	0	
P06	616	0	
P06	616	0	
P06	616	0	
P06	616	0	
P06	17	0	
P06	117	0	
P06	117	0	
P06	117	0	
P06	117	0	
P06	117	0	
P06	117	0	
P06	117	0	
P06	100	0	
P06	100	0	
P06	100	0	
P06	100	0	
P06	100	0	
P06	100	0	
P06	17	0	
P06	516	0	
P06	516	0	
P06	516	0	
P06	516	0	
P06	516	0	
P06	516	0	
P06	516	0	
P06	516	0	
P06	516	0	
P06	516	0	
P06	516	0	
P06	516	0	
P06	516	0	
P06	516	0	
P06	516	0	
P06	516	0	
P06	516	0	
P06	516	0	
P06	516	0	
P06	516	0	
P06	516	0	
P06	516	0	
P06	516	0	
P06	516	0	
P06	516	0	
P06	516	0	
P06	516	0	
P06	516	0	
P06	516	0	
P06	516	0	
P06	516	0	
P06	17	0	
P06	67	0	
P06	67	0	
P06	67	0	
P06	67	0	
P06	150	0	
P06	150	0	
P06	150	0	
P06	150	0	
P06	150	0	
P06	150	0	
P06	150	0	
P06	150	0	
P06	150	0	
P06	17	0	
P06	133	0	
P06	133	0	
P06	133	0	
P06	133	0	
P06	133	0	
P06	133	0	
P06	133	0	
P06	133	0	
P06	83	0	
P06	83	0	
P06	83	0	
P06	83	0	
P06	83	0	
P06	17	0	
P06	83	0	
P06	83	0	
P06	83	0	
P06	83	0	
P06	83	0	
P06	17	0	
P06	333	0	
P06	333	0	
P06	333	0	
P06	333	0	
P06	333	0	
P06	333	0	
P06	333	0	
P06	333	0	
P06	333	0	
P06	333	0	
P06	333	0	
P06	333	0	
P06	333	0	
P06	333	0	
P06	333	0	
P06	333	0	
P06	333	0	
P06	333	0	
P06	333	0	
P06	333	0	
P06	167	0	
P06	167	0	
P06	167	0	
P06	167	0	
P06	167	0	
P06	167	0	
P06	167	0	
P06	167	0	
P06	167	0	
P06	167	0	
P06	17	0	
P06	17	0	
P06	117	0	
P06	117	0	
P06	117	0	
P06	117	0	
P06	117	0	
P06	117	0	
P06	117	0	
P06	17	0	
P06	50	0	
P06	50	0	
P06	50	0	
P06	17	0	
P06	50	0	
P06	50	0	
P06	50	0	
P06	783	0	
P06	783	0	
P06	783	0	
P06	783	0	
P06	783	0	
P06	783	0	
P06	783	0	
P06	783	0	
P06	783	0	
P06	783	0	
P06	783	0	
P06	783	0	
P06	783	0	
P06	783	0	
P06	783	0	
P06	783	0	
P06	783	0	
P06	783	0	
P06	783	0	
P06	783	0	
P06	783	0	
P06	783	0	
P06	783	0	
P06	783	0	
P06	783	0	
P06	783	0	
P06	783	0	
P06	783	0	
P06	783	0	
P06	783	0	
P06	783	0	
P06	783	0	
P06	783	0	
P06	783	0	
P06	783	0	
P06	783	0	
P06	783	0	
P06	783	0	
P06	783	0	
P06	783	0	
P06	783	0	
P06	783	0	
P06	783	0	
P06	783	0	
P06	783	0	
P06	783	0	
P06	783	0	
P06	17	0	
P06	1549	0	
P06	1549	0	
P06	1549	0	
P06	1549	0	
P06	1549	0	
P06	1549	0	
P06	1549	0	
P06	1549	0	
P06	1549	0	
P06	1549	0	
P06	1549	0	
P06	1549	0	
P06	1549	0	
P06	1549	0	
P06	1549	0	
P06	1549	0	
P06	1549	0	
P06	1549	0	
P06	1549	0	
P06	1549	0	
P06	1549	0	
P06	1549	0	
P06	1549	0	
P06	1549	0	
P06	1549	0	
P06	1549	0	
P06	1549	0	
P06	1549	0	
P06	1549	0	
P06	1549	0	
P06	1549	0	
P06	1549	0	
P06	1549	0	
P06	1549	0	
P06	1549	0	
P06	1549	0	
P06	1549	0	
P06	1549	0	
P06	1549	0	
P06	1549	0	
P06	1549	0	
P06	1549	0	
P06	1549	0	
P06	1549	0	
P06	1549	0	
P06	1549	0	
P06	1549	0	
P06	1549	0	
P06	1549	0	
P06	1549	0	
P06	1549	0	
P06	1549	0	
